"# of Use","Utilisation numéro #",,"# of Use",WAHR
"%1$s incl tax.","%1$s TTC",,"%1$s incl tax.",WAHR
"%s - %s","%s - %s",,"%s - %s",WAHR
"%s Item(s)","%s article(s)",,"%s Item(s)",WAHR
"%s and above","%s et au dessus",,"%s and above",WAHR
"%s-%s of %s","%s-%s de %s",,"%s-%s of %s",WAHR
"(%d)","(%d)",,"(%d)",WAHR
"(Copy data from: %s)","(Copier les données à partir de: %s)",,"(Copy data from: %s)",WAHR
"* Required Fields","* Champs obligatoires",,"* Required Fields",WAHR
"-- Please Select --","-- Veuillez sélectionner --",,"-- Please Select --",WAHR
"86400 by default, if not set. To refresh instantly, Clear the Blocks HTML Output Cache.","86400 par défaut, si non défini. Pour réactualiser instantanément, Vider le cache des Blocs HTML de sortie.",,"86400 by default, if not set. To refresh instantly, Clear the Blocks HTML Output Cache.",WAHR
"<strong style=""color:red"">Warning!</strong> Applying MAP by default will hide all product prices on the frontend.","<strong style=""color:red"">Avertissement !</strong> Appliquer MAP par défaut masquera tous les prix de produits.",,"<strong style=""color:red"">Warning!</strong> Applying MAP by default will hide all product prices on the frontend.",WAHR
"A group with the same name already exists.","Un group avec le même nom existe déjà.",,"A group with the same name already exists.",WAHR
"A name is required","Un nom est nécessaire",,"A name is required",WAHR
"A product type is not defined for the indexer.","Un type de produit n'est pas défini dans l'index.",,"A product type is not defined for the indexer.",WAHR
"ALL GROUPS","TOUS LES GROUPES",,"ALL GROUPS",WAHR
"AM","Avant midi",,"AM",WAHR
"Action","Action",,"Action",WAHR
"Actual Price","Prix",,"Actual Price",WAHR
"Add","Ajouter",,"Add",WAHR
"Add Attribute","Ajouter un Attribut",,"Add Attribute",WAHR
"Add Design Change","Ajouter une modification de design",,"Add Design Change",WAHR
"Add Group","Ajouter un groupe",,"Add Group",WAHR
"Add Group Price","Ajouter un prix de groupe",,"Add Group Price",WAHR
"Add New","Ajouter un nouveau",,"Add New",WAHR
"Add New Attribute","Ajouter un nouvel attribut",,"Add New Attribute",WAHR
"Add New Attribute Set","Ajouter un nouveau jeu d'attributs",,"Add New Attribute Set",WAHR
"Add New Group","Ajouter un nouveau groupe",,"Add New Group",WAHR
"Add New Images","Ajouter de nouvelles images",,"Add New Images",WAHR
"Add New Option","Ajouter nouvelle option",,"Add New Option",WAHR
"Add New Row","Ajouter nouvelle ligne",,"Add New Row",WAHR
"Add New Search Term","Ajouter un nouveau terme de recherche",,"Add New Search Term",WAHR
"Add New Set","Ajouter une nouvelle série",,"Add New Set",WAHR
"Add Product","Ajouter un produit",,"Add Product",WAHR
"Add Product To Websites","Ajouter un produits aux sites Internet",,"Add Product To Websites",WAHR
"Add Root Category","Ajouter une catégorie racine",,"Add Root Category",WAHR
"Add Subcategory","Ajouter une sous-catégorie",,"Add Subcategory",WAHR
"Add Tax","Ajouter une taxe",,"Add Tax",WAHR
"Add Tier","Ajouter un niveau",,"Add Tier",WAHR
"Add attribute into attribute set","Ajouter l'attribut à l'ensemble d'attributs",,"Add attribute into attribute set",WAHR
"Add group into attribute set","Ajouter le groupe à l'ensemble d'attributs",,"Add group into attribute set",WAHR
"Add new custom option into product","Ajouter une nouvelle option personnalisée dans le produit",,"Add new custom option into product",WAHR
"Add new values into custom option","Ajouter de nouvelles valeurs dans l'option personnalisée",,"Add new values into custom option",WAHR
"Add option","Ajouter une option",,"Add option",WAHR
"Add to Cart","Ajouter au panier",,"Add to Cart",WAHR
"Add to Compare","Ajouter au comparateur",,"Add to Compare",WAHR
"Add to Wishlist","Ajouter à la liste de cadeaux",,"Add to Wishlist",WAHR
"Additional Information","Informations supplémentaires",,"Additional Information",WAHR
"Alert Urls","Alertes Urls",,"Alert Urls",WAHR
"All","Tous",,"All",WAHR
"All Product Types","Tous les types de produits",,"All Product Types",WAHR
"All Websites","Tous les sites web",,"All Websites",WAHR
"All products","Tous les produits",,"All products",WAHR
"All products - recently added products, New products - products marked as new","Tous les produits - produits récemment ajoutés, Nouveau produits - produits indiqués comme nouveaux",,"All products - recently added products, New products - products marked as new",WAHR
"All products of this set will be deleted! Are you sure you want to delete this attribute set?","Tous les produits de cette série seront effacés ! Etes-vous sur de vouloir supprimer cette série d'attributs ?",,"All products of this set will be deleted! Are you sure you want to delete this attribute set?",WAHR
"Allow All Products per Page","Autoriser tous les produits par page",,"Allow All Products per Page",WAHR
"Allow Dynamic Media URLs in Products and Categories","Autoriser les URLs de medias dynamiques dans les Produits et les Catégories",,"Allow Dynamic Media URLs in Products and Categories",WAHR
"Allow HTML Tags on Frontend","Autoriser les marqueurs HTML sur le frontal",,"Allow HTML Tags on Frontend",WAHR
"Allowed File Extensions","Extensions de fichiers autorisées",,"Allowed File Extensions",WAHR
"Allowed file extensions to upload","Extensions de fichiers autorisées pour le téléchargement montant",,"Allowed file extensions to upload",WAHR
"Amount","Montant",,"Amount",WAHR
"An error occurred while adding products to websites.","Une erreur est survenue pendant l'ajout de produits sur les sites Internet.",,"An error occurred while adding products to websites.",WAHR
"An error occurred while clearing comparison list.","Une erreur est survenue pendant la suppression de la list de comparaison.",,"An error occurred while clearing comparison list.",WAHR
"An error occurred while deleting this review.","Une erreur est survenue en effaçant ce commentaire",,"An error occurred while deleting this review.",WAHR
"An error occurred while removing products from websites.","Une erreur est survenue pendant le retrait de produits des sites Internet.",,"An error occurred while removing products from websites.",WAHR
"An error occurred while saving the URL rewrite","Une erreur est survenue lors de l'enregistrement de la réécriture de l'URL",,"An error occurred while saving the URL rewrite",WAHR
"An error occurred while saving the attribute set.","Une erreur est survenue pendant la sauvegarde de la série d'attributs.",,"An error occurred while saving the attribute set.",WAHR
"An error occurred while saving the collection, aborting. Error message: %s","Une erreur est survenue lors de la sauvegarde de la collection. qui a échoué. Message d'erreur : %s",,"An error occurred while saving the collection, aborting. Error message: %s",WAHR
"An error occurred while saving the product. ","Une erreur est survenue pendant la sauvegarde du produit.",,"An error occurred while saving the product. ",WAHR
"An error occurred while saving the search query.","Une erreur est survenue pendant la sauvegarde de la demande de recherche.",,"An error occurred while saving the search query.",WAHR
"An error occurred while saving this group.","Une erreur est survenue pendant la sauvegarde de ce groupe.",,"An error occurred while saving this group.",WAHR
"An error occurred while saving this review.","Une erreur est survenue en enregistrant ce commentaire",,"An error occurred while saving this review.",WAHR
"An error occurred while trying to delete the category.","Une erreur est survenue en essayant de supprimer cette catégorie.",,"An error occurred while trying to delete the category.",WAHR
"An error occurred while updating the product(s) attributes.","Une erreur est survenue pendant la mise à jour des attributs du/des produit(s).",,"An error occurred while updating the product(s) attributes.",WAHR
"An error occurred while updating the product(s) status.","Une erreur est survenue pendant la mise à jour du statut du/des produit(s).",,"An error occurred while updating the product(s) status.",WAHR
"An invalid group ID is specified, skipping the record.","Identifiant de groupe invalide, ignorer.",,"An invalid group ID is specified, skipping the record.",WAHR
"An invalid option ID is specified for %s (%s), skipping the record.","Un identifiant d'option invalide est spécifié pour %s (%s), ignorer.",,"An invalid option ID is specified for %s (%s), skipping the record.",WAHR
"An invalid store was specified.","Un stockage invalide a été défini.",,"An invalid store was specified.",WAHR
"Anchor Custom Text","Fixer texte personnalisé",,"Anchor Custom Text",WAHR
"Anchor Custom Title","Fixer titre personnalisé",,"Anchor Custom Title",WAHR
"Applicable to catalog products and categories only. Any media content will be inserted into editor as a static URL. It is not updated if the system configuration base URL changes.","Applicable aux produits et aux catégories du catalogue seulement. Tout contenu media sera inséré dans l'éditeur comme une URL statique. Cela n'est pas mis à jour si l'URL de base de la configuration système est modifiée.",,"Applicable to catalog products and categories only. Any media content will be inserted into editor as a static URL. It is not updated if the system configuration base URL changes.",WAHR
"Apply MAP","Appliquer MAP",,"Apply MAP",WAHR
"Apply MAP (Default Value)","Appliquer MAP (Valeur par défaut)",,"Apply MAP (Default Value)",WAHR
"Apply To","Appliquer à",,"Apply To",WAHR
"Approved","Approuvé",,"Approved",WAHR
"Are you sure you want to delete this category?","Etes-vous sur de vouloir supprimer cette catégorie ?",,"Are you sure you want to delete this category?",WAHR
"Are you sure you would like to remove all products from your comparison?","Etes-vous sur de vouloir enlever tous les produits de votre comparaison ?",,"Are you sure you would like to remove all products from your comparison?",WAHR
"Are you sure you would like to remove this item from the compare products?","Etes-vous sur de vouloir enlever cet article des produits comparés ?",,"Are you sure you would like to remove this item from the compare products?",WAHR
"Are you sure?","Etes-vous sûr ?",,"Are you sure?",WAHR
"As low as:","Aussi bas que:",,"As low as:",WAHR
"Assign","Attribuer",,"Assign",WAHR
"Assign product link","Attribuer le lien du produit",,"Assign product link",WAHR
"Assign product to category","Attribuer le produit à la catégorie",,"Assign product to category",WAHR
"Assigned Products","Produits Attribués",,"Assigned Products",WAHR
"Associated Products","Produits Associés",,"Associated Products",WAHR
"Attrib. Set Name","Attib. Nom de la Série",,"Attrib. Set Name",WAHR
"Attribute ""%s"" is invalid.","Attribut ""%s"" invalide.",,"Attribute ""%s"" is invalid.",WAHR
"Attribute ""%s"" is required.","Attribut ""%s"" requis.",,"Attribute ""%s"" is required.",WAHR
"Attribute Information","Informations sur l'attribut",,"Attribute Information",WAHR
"Attribute Model","Modèle de l'attribut",,"Attribute Model",WAHR
"Attribute Name:","Nom de l'attribut:",,"Attribute Name:",WAHR
"Attribute Set","Ensemble d'attributs",,"Attribute Set",WAHR
"Attribute Sets","Ensembles d'attributs",,"Attribute Sets",WAHR
"Attribute add","Attribut ajouter",,"Attribute add",WAHR
"Attribute code is invalid. Please use only letters (a-z), numbers (0-9) or underscore(_) in this field, first character should be a letter.","Le code d'attribut est invalide. Veuillez n'utiliser que des lettres (a-z), chiffres (0-9) ou underscores (_) dans ce champ, le premier caractère devant être une lettre.",,"Attribute code is invalid. Please use only letters (a-z), numbers (0-9) or underscore(_) in this field, first character should be a letter.",WAHR
"Attribute group with the \/name/\"" name already exists""","Le groupe attribut du nom \/name/\"" existe déjà""",,,FALSCH
"Attribute group with the \/name/\ name already exists","Groupe d'attribut avec le nom \/name/\ existe déjà",,,FALSCH
"Attribute group with the ""\/name/\"" name already exists","Groupe d'attribut avec le nom „\/name/\“ existe déjà","+","Attribute group with the ""\/name/\"" name already exists",WAHR
"Attribute remove","Attribut effacer",,"Attribute remove",WAHR
"Attribute with the same code already exists","Un attribut avec le même code existe déjà",,"Attribute with the same code already exists",WAHR
"Attributes","Attributs",,"Attributes",WAHR
"Attribute names can be specified per store.","Attribute names can be specified per store.","+","Attribute names can be specified per store.",WAHR
"Attrribute names can be specified per store.","Les noms des attributs peuvent être définis par magasin",,"Attrribute names can be specified per store.",WAHR
"Autogenerate","Générer automatiquement",,"Autogenerate",WAHR
"Availability:","Disponibilité:",,"Availability:",WAHR
"Back","Retour",,"Back",WAHR
"Backend Model","Modèle d'interface",,"Backend Model",WAHR
"Backend Table","Tableau d'interface",,"Backend Table",WAHR
"Backend Table Title","Titre du tableau d'interface",,"Backend Table Title",WAHR
"Backorders","Ruptures de stock",,"Backorders",WAHR
"Base Image Width","Base Image Width","+","Base Image Width",WAHR
"Based On","Basé sur",,"Based On",WAHR
"Before Order Confirmation","Avant la confirmation de commande",,"Before Order Confirmation",WAHR
"Best Value","Meilleure valeur",,"Best Value",WAHR
"Block after Info Column","Bloc après Colonne Info",,"Block after Info Column",WAHR
"Bottom Block Options Wrapper","Bloc Inférieur Options d'Emballage",,"Bottom Block Options Wrapper",WAHR
"Bottom/Left","Inférieur/Gauche",,"Bottom/Left",WAHR
"Bottom/Right","Inférieur/ Droite",,"Bottom/Right",WAHR
"Browse By","Parcourir par",,"Browse By",WAHR
"Bundle Items","Lot d'objets",,"Bundle Items",WAHR
"Buy %1$s","Acheter %1$s",,"Buy %1$s",WAHR
"Buy %1$s for","Acheter %1$s pour",,"Buy %1$s for",WAHR
"Buy %1$s for %2$s","Acheter %1$s pour %2$s",,"Buy %1$s for %2$s",WAHR
"Buy %1$s for %2$s (%3$s incl. tax) each","Acheter %1$s pour %2$s (%3$s TTC) chacun",,"Buy %1$s for %2$s (%3$s incl. tax) each",WAHR
"Buy %1$s for %2$s each","Acheter %1$s pour %2$s chacun",,"Buy %1$s for %2$s each",WAHR
"Cache Lifetime (Seconds)","Durée de vie du Cache (Secondes)",,"Cache Lifetime (Seconds)",WAHR
"Cache refresh needed.","Réactualisation du Cache nécessaire",,"Cache refresh needed.",WAHR
"Can be Divided into Multiple Boxes for Shipping","Peut être divisé en plusieurs boîtes pour le transport",,"Can be Divided into Multiple Boxes for Shipping",WAHR
"Can be used only with catalog input type Dropdown","Ne peut être utilisé qu'avec un type d'entrée catalogue Menu Déroulant",,"Can be used only with catalog input type Dropdown",WAHR
"Can be used only with catalog input type Dropdown, Multiple Select and Price","Ne peut être utilisé qu'avec un type d'entrée catalogue Menu Déroulant, Sélection Multiple et Prix",,"Can be used only with catalog input type Dropdown, Multiple Select and Price",WAHR
"Can\'t create image.","Ne peut pas créer l'image.",,"Can\'t create image.",WAHR
"Cancel","Annuler",,"Cancel",WAHR
"Cannot create image.","Ne peut pas créer l'image.",,"Cannot create image.",WAHR
"Cannot create writeable directory '%s'.","Ne peut pas créer un répertoire enregistrable '%s'.",,"Cannot create writeable directory '%s'.",WAHR
"Cart Item Attribute","Attribut de l'article du panier",,"Cart Item Attribute",WAHR
"Catalog","Catalogue",,"Catalog",WAHR
"Catalog Category (Anchor)","Catégorie Catalogue (Attaché)",,"Catalog Category (Anchor)",WAHR
"Catalog Category (Non-Anchor)","Catégorie Catalogue (Non-Attaché)",,"Catalog Category (Non-Anchor)",WAHR
"Catalog Category (Without Subcategories)","Catégorie de catalogue (sans sous-catégories)",,"Catalog Category (Without Subcategories)",WAHR
"Catalog Category Link","Lien de la Catégorie Catalogue",,"Catalog Category Link",WAHR
"Catalog New Products List","List des Nouveaux Produits du Catalogue",,"Catalog New Products List",WAHR
"Catalog Price Scope","Etendue des Prix du Catalogue",,"Catalog Price Scope",WAHR
"Catalog Product Compare List","Liste de Comparaison des Produits du Catalogue",,"Catalog Product Compare List",WAHR
"Catalog Product Email to a Friend","Envoyer le catalogue de produits par email à un ami",,"Catalog Product Email to a Friend",WAHR
"Catalog Product Image Gallery Popup","Popup Galerie d'Images du Produit du Catalogue",,"Catalog Product Image Gallery Popup",WAHR
"Catalog Product Link","Lien du Produit Catalogue",,"Catalog Product Link",WAHR
"Catalog Product View (Any)","Affichage du Produit Catalogue (Tous)",,"Catalog Product View (Any)",WAHR
"Catalog Product View (Configurable)","Affichage du Produit Catalogue (Configurable)",,"Catalog Product View (Configurable)",WAHR
"Catalog Product View (Grouped)","Affichage du Produit Catalogue (Groupé)",,"Catalog Product View (Grouped)",WAHR
"Catalog Product View (Simple)","Affichage du Produit Catalogue (Simple)",,"Catalog Product View (Simple)",WAHR
"Catalog Product View (Virtual)","Affichage du Produit Catalogue (Virtuel)",,"Catalog Product View (Virtual)",WAHR
"Catalog Section","Section Catalogue",,"Catalog Section",WAHR
"Catalog Seo Sitemap (Category List)","Catalogue SEO Plan du Site (Liste des catégories)",,"Catalog Seo Sitemap (Category List)",WAHR
"Catalog Seo Sitemap (Category Tree)","Catalogue SEO Plan du Site (Arbre des catégories)",,"Catalog Seo Sitemap (Category Tree)",WAHR
"Catalog Seo Sitemap (Common)","Catalogue SEO Plan du Site (Courant)",,"Catalog Seo Sitemap (Common)",WAHR
"Catalog Seo Sitemap (Product List)","Catalogue SEO Plan du Site (Liste des Produits)",,"Catalog Seo Sitemap (Product List)",WAHR
"Catalog URL Rewrites","Catalogue Réécritures URL",,"Catalog URL Rewrites",WAHR
"Catalog product custom option values API","Interface de Programmation Applicative (API) des valeurs de l'option personnalisée des produits du catalogue",,"Catalog product custom option values API",WAHR
"Catalog product custom options API","Interface de Programmation Applicative (API) des options personnalisées des produits du catalogue",,"Catalog product custom options API",WAHR
"Catalog, Search","Catalogue, Recherche",,"Catalog, Search",WAHR
"Categories","catégories",,"Categories",WAHR
"Categories Sitemap","Catégories Plan du Site",,"Categories Sitemap",WAHR
"Category","Catégorie",,"Category",WAHR
"Category API","Catégorie API",,"Category API",WAHR
"Category Data","Données de la Catégorie",,"Category Data",WAHR
"Category Flat Data","Données Fixes de la Catégorie",,"Category Flat Data",WAHR
"Category Link Block Template","Bloc Modèle du Lien de la Catégorie",,"Category Link Block Template",WAHR
"Category Link Inline Template","Modèle Préféré du Lien de la Catégorie",,"Category Link Inline Template",WAHR
"Category Products","Produits de la Catégorie",,"Category Products",WAHR
"Category Top Navigation","Haut de la Catégorie Navigation",,"Category Top Navigation",WAHR
"Category URL Suffix","Suffixe de l'URL de la Catégorie",,"Category URL Suffix",WAHR
"Category attributes API","Attributs API de la Catégorie",,"Category attributes API",WAHR
"Category move error","Erreur de déplacement de catégorie",,"Category move error",WAHR
"Category move error %s","Erreur %s de déplacement de catégorie",,"Category move error %s",WAHR
"Category move operation is not possible: parent category is equal to child category.","L'opération de déplacement de catégorie n'est pas possible : la catégorie parent est la même que la catégorie enfant.",,"Category move operation is not possible: parent category is equal to child category.",WAHR
"Category move operation is not possible: the current category was not found.","L'opération de déplacement de catégorie n'est pas possible : la catégorie actuelle n'a pas été trouvée.",,"Category move operation is not possible: the current category was not found.",WAHR
"Category move operation is not possible: the new parent category was not found.","L'opération de déplacement de la catégorie n'est pas possible: la nouvelle catégorie mère n'a pas été trouvée.",,"Category move operation is not possible: the new parent category was not found.",WAHR
"Category must be an instance of Mage_Catalog_Model_Category.","La catégorie doit être un exemple de Mage_Catalogue_Modèle_Catégorie.",,"Category must be an instance of Mage_Catalog_Model_Category.",WAHR
"Center","Centrer",,"Center",WAHR
"Change","Changer",,"Change",WAHR
"Change or Retrieve attribute store view","Modifier ou récupérer des attributs de la vue de la boutique",,"Change or Retrieve attribute store view",WAHR
"Change status","Changer le satut",,"Change status",WAHR
"Check items to add to the cart or","Cocher les articles à ajouter au panier ou",,"Check items to add to the cart or",WAHR
"Choose an Option...","Choisir une option...",,"Choose an Option...",WAHR
"Clear All","Tout effacer",,"Clear All",WAHR
"Clear Price","Réinitialiser le prix",,"Clear Price",WAHR
"Click for price","Cliquez pour le prix",,"Click for price",WAHR
"Close Window","Fermer la fenêtre",,"Close Window",WAHR
"Collapse All","Afficher tout",,"Collapse All",WAHR
"Comma-separated.","Séparé(es) par des virgules.",,"Comma-separated.",WAHR
"Comparable","Comparable","+","Comparable",WAHR
"Comparable on Front-end","Comparable depuis l'interface",,"Comparable on Front-end",WAHR
"Comparable on the Frontend","Comparable depuis l'interface",,"Comparable on the Frontend",WAHR
"Compare","Comparer",,"Compare",WAHR
"Compare Products","Comparer des produits",,"Compare Products",WAHR
"Conditions Combination","Combinaison de conditions",,"Conditions Combination",WAHR
"Configurable Product","Produit configurable",,"Configurable Product",WAHR
"Configurable Product Settings","Réglages du produit configurable",,"Configurable Product Settings",WAHR
"Configure Product","Configurer produit",,"Configure Product",WAHR
"Continue","Continuer",,"Continue",WAHR
"Copy From Configurable","Copier depuis configurable",,"Copy From Configurable",WAHR
"Country/State","Pays/État",,"Country/State",WAHR
"Country of Manufacture","Country of Manufacture","+","Country of Manufacture",WAHR
"Create","Créer",,"Create",WAHR
"Create (Upload)","Créer (envoyer)",,"Create (Upload)",WAHR
"Create Empty","Créer vide",,"Create Empty",WAHR
"Create Permanent Redirect for URLs if URL Key Changed","Créer une Redirection Permanente pour les URL si la Combinaison URL a changé",,"Create Permanent Redirect for URLs if URL Key Changed",WAHR
"Create Permanent Redirect for old URL","Créer une redirection permanente pour une vieille URL",,"Create Permanent Redirect for old URL",WAHR
"Create Product Settings","Créer les réglages du produits",,"Create Product Settings",WAHR
"Create Simple Associated Product","Créer des produits simples associés",,"Create Simple Associated Product",WAHR
"Create attribute set based on another set","Créer un ensemble d'attributs basé sur un autre ensemble",,"Create attribute set based on another set",WAHR
"Create new attribute","Créer un nouvel attribut",,"Create new attribute",WAHR
"Create new category","Créer une nouvelle catégorie",,"Create new category",WAHR
"Create new product","Créer un nouveau produit",,"Create new product",WAHR
"Cross-sells","Ventes liées",,"Cross-sells",WAHR
"Currently Shopping by:","Shopping actuel par :",,"Currently Shopping by:",WAHR
"Custom Design","Dessin sur mesure",,"Custom Design",WAHR
"Custom Options","Personnaliser les options",,"Custom Options",WAHR
"Custom options","Options personnalisées",,"Custom options",WAHR
"Customer Group","Groupe du client",,"Customer Group",WAHR
"Customers Reviews","Avis des clients",,"Customers Reviews",WAHR
"Customers Tagged Product","Les acheteurs ont étiqueté le produit",,"Customers Tagged Product",WAHR
"Data Type for Saving in Database","Type de données pour enregistrement dans la base de données",,"Data Type for Saving in Database",WAHR
"Date & Time Custom Options","Options de date et d'heure personnalisées",,"Date & Time Custom Options",WAHR
"Date Fields Order","Ordre des champs de date",,"Date Fields Order",WAHR
"Date Subscribed","Date d'abonnement",,"Date Subscribed",WAHR
"Datetime","Date et heure",,"Datetime",WAHR
"Decimal","Décimal",,"Decimal",WAHR
"Declare attribute value saving scope","Déclarer la valeur d'économies",,"Declare attribute value saving scope",WAHR
"Default ""What's This"" Text Message","Message texte par défaut ""Qu'est-ce""",,"Default ""What's This"" Text Message",WAHR
"Default Popup Text Message","Message text pop-up par défaut",,"Default Popup Text Message",WAHR
"Default Price","Prix par défaut",,"Default Price",WAHR
"Default Price Navigation Step","Prix par défaut pour la navigation",,"Default Price Navigation Step",WAHR
"Default Qty","Qté par défaut",,"Default Qty",WAHR
"Default Values","Valeurs par défaut",,"Default Values",WAHR
"Defines the base currency scope (""Currency Setup"" > ""Currency Options"" > ""Base Currency"").","Définit l'étendue de base des monnaies (""Monnaies"" > ""Options des monnaies"" > ""Monnaies de base"")",,"Defines the base currency scope (""Currency Setup"" > ""Currency Options"" > ""Base Currency"").",WAHR
"Delete","Supprimer",,"Delete",WAHR
"Delete Attribute","Supprimer l'attribut",,"Delete Attribute",WAHR
"Delete Attribute Set","Supprimer l'ensemble d'attributs",,"Delete Attribute Set",WAHR
"Delete Category","Supprimer catégorie",,"Delete Category",WAHR
"Delete Group Price","Supprimer le prix de groupe",,"Delete Group Price",WAHR
"Delete Option","Supprimer option",,"Delete Option",WAHR
"Delete Row","Supprimer ligne",,"Delete Row",WAHR
"Delete Search","Supprimer recherche",,"Delete Search",WAHR
"Delete Selected Group","Supprimer le groupe sélectionné",,"Delete Selected Group",WAHR
"Delete Tier","Supprimer le niveau",,"Delete Tier",WAHR
"Delete attribute","Supprimer l'attribut",,"Delete attribute",WAHR
"Delete category","Supprimer catégorie",,"Delete category",WAHR
"Delete product","Supprimer produit",,"Delete product",WAHR
"Depends on design theme","Dépend du thème visuel",,"Depends on design theme",WAHR
"Description","Description","+","Description",WAHR
"Design","Design",,"Design",WAHR
"Details","Détails",,"Details",WAHR
"Disabled","Désactivé",,"Disabled",WAHR
"Disallowed file type.","Type de fichier non autorisé.",,"Disallowed file type.",WAHR
"Display Actual Price","Afficher le prix réel",,"Display Actual Price",WAHR
"Display Page Control","Afficher la page de commande",,"Display Page Control",WAHR
"Display Price Interval as One Price","Afficher l'intervalle de prix comme Un Prix",,"Display Price Interval as One Price",WAHR
"Display Product Count","Afficher le nombre de produits",,"Display Product Count",WAHR
"Display Product Options In","Display Product Options In","+","Display Product Options In",WAHR
"Display Settings","Display Settings","+","Display Settings",WAHR
"Display Type","Type d'affichage",,"Display Type",WAHR
"Display in Suggested Terms","Afficher dans les termes suggérés.",,"Display in Suggested Terms",WAHR
"Double click on a group to rename it","Double cliquez sur un groupe pour le renommer",,"Double click on a group to rename it",WAHR
"Double click on above image to view full picture","Double cliquez sur une image pour taille réelle",,"Double click on above image to view full picture",WAHR
"Downloadable Information","Informations téléchargeables",,"Downloadable Information",WAHR
"Duplicate","Copier",,"Duplicate",WAHR
"Duplicate amount found.","Montant copié trouvé.",,"Duplicate amount found.",WAHR
"Duplicate website group price customer group.","Copier le site internet prix de groupe clientèle.",,"Duplicate website group price customer group.",WAHR
"Duplicate website tier price customer group and quantity.","Dupliquer le prix de groupe client du site et la quantité.",,"Duplicate website tier price customer group and quantity.",WAHR
"Duplicate website, country and state tax found.","Copie du site web, du pays et de la région trouvée.",,"Duplicate website, country and state tax found.",WAHR
"E.g. {{media url=""path/to/image.jpg""}} {{skin url=""path/to/picture.gif""}}. Dynamic directives parsing impacts catalog performance.","E.g. {{media url=""path/to/image.jpg""}} {{skin url=""path/to/picture.gif""}}.Des chemins dynamiques ont un impact sur les performances du catalogue.",,"E.g. {{media url=""path/to/image.jpg""}} {{skin url=""path/to/picture.gif""}}. Dynamic directives parsing impacts catalog performance.",WAHR
"Edit","Éditer",,"Edit",WAHR
"Edit Attribute Set '%s'","Modifier le jeu d'attributs : '%s'",,"Edit Attribute Set '%s'",WAHR
"Edit Product Attribute","Modifier l'attribut du produit",,"Edit Product Attribute",WAHR
"Edit Product Attribute ""%s""","Modifier attribut de produit ""%s""",,"Edit Product Attribute ""%s""",WAHR
"Edit Search","Modifier la recherche",,"Edit Search",WAHR
"Edit Search '%s'","Modifier la recherche '%s'",,"Edit Search '%s'",WAHR
"Edit Set Name","Modifier le nom défini",,"Edit Set Name",WAHR
"Email","Email",,"Email",WAHR
"Email to a Friend","Envoyer à un ami par email",,"Email to a Friend",WAHR
"Empty","Vide",,"Empty",WAHR
"Enable MAP","Activer MAP",,"Enable MAP",WAHR
"Enable Qty Increments","Activer quantité",,"Enable Qty Increments",WAHR
"Enable Recurring Profile","Enable Recurring Profile","+","Enable Recurring Profile",WAHR
"Enable WYSIWYG","Permettre WYSIWYG",,"Enable WYSIWYG",WAHR
"Enable for reindexing a big number of SKUs.","Activer pour réindexer un grand nombre d'UGS",,"Enable for reindexing a big number of SKUs.",WAHR
"Enabled","Activé",,"Enabled",WAHR
"Error during retrieval of option value: %s","Erreur lors de la récupération de la valeur de l'option:% s",,"Error during retrieval of option value: %s",WAHR
"Exclude","Exclure",,"Exclude",WAHR
"Expand All","Tout développer",,"Expand All",WAHR
"Failed","Echoué",,"Failed",WAHR
"Failed to copy file %s. Please, delete media with non-existing images and try again.","Echec de la copie du fichier %s. Veuillez supprimer les fichiers avec des images non existantes, et réessayer.",,"Failed to copy file %s. Please, delete media with non-existing images and try again.",WAHR
"Failed to move file: %s","Impossible de déplacer le fichier: %s",,"Failed to move file: %s",WAHR
"Feature Products","Produits à l'affiche",,"Feature Products",WAHR
"Field is not complete","Le champ n'est pas complet",,"Field is not complete",WAHR
"File options format is not valid.","Le format des options du fichier n'est pas valide.",,"File options format is not valid.",WAHR
"File upload failed","L'envoi du fichier a échoué.",,"File upload failed",WAHR
"Filter","Filtrer",,"Filter",WAHR
"Filter model name must be declared.","Un nom de modèle de filtre doit être précisé.",,"Filter model name must be declared.",WAHR
"Filter must be an object. Please set correct filter.","Le filtre doit être un objet. Veuillez définir un filtre correct.",,"Filter must be an object. Please set correct filter.",WAHR
"Filterable (no results)","Filtrable (pas de résultat)",,"Filterable (no results)",WAHR
"Filterable (with results)","Filtrable (avec résultats)",,"Filterable (with results)",WAHR
"First Name","Prénom",,"First Name",WAHR
"Fixed","Fixé",,"Fixed",WAHR
"For internal use.","Pour usage interne.",,"For internal use.",WAHR
"For the last time placed.","Placé pour la dernière fois.",,"For the last time placed.",WAHR
"Frontend","Interface",,"Frontend",WAHR
"Frontend Model","Modèle d'interface",,"Frontend Model",WAHR
"Frontend Properties","Propriétés front-end",,"Frontend Properties",WAHR
"Gallery","Galerie",,"Gallery",WAHR
"General Information","Informations générales",,"General Information",WAHR
"Get full information about attribute with list of options","Obtenez toutes les informations des attributs avec une liste des options",,"Get full information about attribute with list of options",WAHR
"Get full information about custom option in product","Obtenez des renseignements complets sur l'option personnalisée dans le produit",,"Get full information about custom option in product",WAHR
"Get list of available custom option types","Obtenez la liste des types d'options personnalisées disponibles",,"Get list of available custom option types",WAHR
"Get list of non-default attributes by product type and attributes set","Obtenez une liste des attributs, autres que celui par défaut, par type de produits et ensemble d'attributs",,"Get list of non-default attributes by product type and attributes set",WAHR
"Get list of possible attribute types","Obtenir la liste des types d'attributs possibles",,"Get list of possible attribute types",WAHR
"Get special price","Obtenez un prix spécial",,"Get special price",WAHR
"Global","Global",,"Global",WAHR
"Globally Editable","Globalement modifiable",,"Globally Editable",WAHR
"Go to Home Page","Aller à la page d'accueil",,"Go to Home Page",WAHR
"Grid","Grille",,"Grid",WAHR
"Group Price","Group Price","+","Group Price",WAHR
"Group add","Groupe ajouter",,"Group add",WAHR
"Group remove","Suppression de groupe",,"Group remove",WAHR
"Grouped Product","Produits  groupés",,"Grouped Product",WAHR
"Groups","Groupes",,"Groups",WAHR
"Home","Accueil",,"Home",WAHR
"ID","ID",,"ID",WAHR
"ID: %s","Identifiant : %s",,"ID: %s",WAHR
"If empty, the Category Name will be used","Si vide, la catégorie Nom sera utilisé.",,"If empty, the Category Name will be used",WAHR
"If empty, the Product Name will be used","Si vide, le nom du produit sera utilisé",,"If empty, the Product Name will be used",WAHR
"If you do not specify an option value for a specific store view then the default (Admin) value will be used.","Si vous ne précisez pas une valeur d'option pour une vue spécifique de boutique alors la valeur par défaut sera utilisée.",,"If you do not specify an option value for a specific store view then the default (Admin) value will be used.",WAHR
"Image","Image",,"Image",WAHR
"Image content is not valid base64 data.","Le contenu de l'image n'est pas valide à base64.",,"Image content is not valid base64 data.",WAHR
"Image does not exist.","L'image n'existe pas.",,"Image does not exist.",WAHR
"Image file was not found.","Fichier image introuvable.",,"Image file was not found.",WAHR
"Image type and information need to be specified for each store view.","Le type d'image et les informations doivent être précisés pour chaque vue de la boutique.",,"Image type and information need to be specified for each store view.",WAHR
"In Cart","Dans le panier",,"In Cart",WAHR
"In Stock","En stock.",,"In Stock",WAHR
"In stock","En stock",,"In stock",WAHR
"Incl. Tax","TTC",,"Incl. Tax",WAHR
"Index product and categories URL rewrites","Réécriture de l'index des produits et catégories",,"Index product and categories URL rewrites",WAHR
"Index product attributes for layered navigation building","Attributs de la navigation par couches de l'index des produits",,"Index product attributes for layered navigation building",WAHR
"Index product prices","Prix de l'index des produits",,"Index product prices",WAHR
"Indexed category/products association","Catégorie indexée/association de produits",,"Indexed category/products association",WAHR
"Info","Détails",,"Info",WAHR
"Info Column Options Wrapper","Colonne infos options enrouler",,"Info Column Options Wrapper",WAHR
"Input Type","Entrer le type",,"Input Type",WAHR
"Integer","Entier",,"Integer",WAHR
"Interval Division Limit","Limite de la division d'intervalle",,"Interval Division Limit",WAHR
"Invalid Tier Prices","Prix invalides",,"Invalid Tier Prices",WAHR
"Invalid attribute %s","Attribut %s invalide",,"Invalid attribute %s",WAHR
"Invalid attribute option specified for attribute %s (%s), skipping the record.","Option d'attribut invalide spécifiée pour l'attribut %s (%s), enregistrement sauté.",,"Invalid attribute option specified for attribute %s (%s), skipping the record.",WAHR
"Invalid attribute set specified, skipping the record.","Attribut de l'ensemble spécifié non-valide, passer le dossier.",,"Invalid attribute set specified, skipping the record.",WAHR
"Invalid block: %s.","Bloc invalide : %s.",,"Invalid block: %s.",WAHR
"Invalid category IDs.","Identifiants de catégorie invalides.",,"Invalid category IDs.",WAHR
"Invalid category.","Catégorie non-valide.",,"Invalid category.",WAHR
"Invalid image file type.","Type de fichier image invalide.",,"Invalid image file type.",WAHR
"Invalid image type.","Type d'image non-valide.",,"Invalid image type.",WAHR
"Invalid option ID specified for %s (%s), skipping the record.","Identifiant de l'option invalide pour %s (%s), ignorer.",,"Invalid option ID specified for %s (%s), skipping the record.",WAHR
"Invalid product type specified, skipping the record.","Le type de produit spécifié n'est pas valide, passer le dossier.",,"Invalid product type specified, skipping the record.",WAHR
"Invalid store specified","Boutique spécifiée invalide",,"Invalid store specified",WAHR
"Invalid store specified, skipping the record.","Magasin spécifié invalide, enregistrement sauté.",,"Invalid store specified, skipping the record.",WAHR
"Invalid tier prices. The product is not associated to the requested website.","Niveau de prix non-valide. Le produit n'est pas associé au site demandé.",,"Invalid tier prices. The product is not associated to the requested website.",WAHR
"Inventory","Inventaire",,"Inventory",WAHR
"Is Default","Est par défaut",,"Is Default",WAHR
"Is Required","Est requis",,"Is Required",WAHR
"Items %s to %s of %s total","Éléments %s à %s sur un total de %s",,"Items %s to %s of %s total",WAHR
"Items that you do not want to show in the catalog or search results should have status 'Disabled' in the desired store.","Les éléments que vous ne souhaitez pas afficher dans les résultats de recherche ou dans le catalogue devrait avoir le statut ""Désactivé"" dans le magasin souhaité.",,"Items that you do not want to show in the catalog or search results should have status 'Disabled' in the desired store.",WAHR
"Items that you don't want to show in the catalog or search results should have status 'Disabled' in the desired store.","Objets que vous ne voulez pas afficher dans le catalogue ou les résultats de recherche doivent avoir le statut ""Désactivé"" dans la boutique en question.",,"Items that you don't want to show in the catalog or search results should have status 'Disabled' in the desired store.",WAHR
"Keep your eyes open for our special Back to School items and save A LOT!","Gardez vos yeux ouverts pour nos articles spécialement destinés à la rentrée scolaire et économisez UN MAX !",,"Keep your eyes open for our special Back to School items and save A LOT!",WAHR
"Label","Label",,"Label",WAHR
"Last Name","Nom de famille",,"Last Name",WAHR
"Last Notification","Dernière notification",,"Last Notification",WAHR
"Layered Navigation","Navigation par couches",,"Layered Navigation",WAHR
"Learn More","En savoir plus",,"Learn More",WAHR
"Line %d, Email: %s","Ligne %d, email : %s",,"Line %d, Email: %s",WAHR
"Line %d, SKU: %s","Ligne %d, SKU : %s",,"Line %d, SKU: %s",WAHR
"Link (Related, Up sell, Cross sell)","Lien (lié, vente)",,"Link (Related, Up sell, Cross sell)",WAHR
"Link product does not exist.","Le lien du produit n'existe pas.",,"Link product does not exist.",WAHR
"Link to a Specified Category","Lien vers une catégorie précise",,"Link to a Specified Category",WAHR
"Link to a Specified Product","Lien vers un produit déterminé",,"Link to a Specified Product",WAHR
"List","Liste",,"List",WAHR
"List Mode","Mode liste",,"List Mode",WAHR
"List of Products that are set as New","Liste de produits nouveaux",,"List of Products that are set as New",WAHR
"List of types","Liste de types",,"List of types",WAHR
"Manage Attribute Sets","Gérer les jeux d'attributs",,"Manage Attribute Sets",WAHR
"Manage Attributes","Gérer attributs",,"Manage Attributes",WAHR
"Manage Catalog Categories","Gérer les catégories de catalogue",,"Manage Catalog Categories",WAHR
"Manage Categories","Gérer les catégories",,"Manage Categories",WAHR
"Manage Label / Options","Gérer les labels/options",,"Manage Label / Options",WAHR
"Manage Options (values of your attribute)","Gérer les options (valeurs de l'attribut)",,"Manage Options (values of your attribute)",WAHR
"Manage Product Attributes","Gérer les attributs de produit",,"Manage Product Attributes",WAHR
"Manage Product Sets","Gérer les jeux de produits",,"Manage Product Sets",WAHR
"Manage Products","Gérer les produits",,"Manage Products",WAHR
"Manage Stock","Gérer le stock",,"Manage Stock",WAHR
"Manage Titles (Size, Color, etc.)","Gérer les titres (taille, couleur, etc)",,"Manage Titles (Size, Color, etc.)",WAHR
"Manufacturer's Suggested Retail Price","Manufacturer's Suggested Retail Price","+","Manufacturer's Suggested Retail Price",WAHR
"Max Characters","Caractères max.",,"Max Characters",WAHR
"Maximal Depth","Profondeur maximale",,"Maximal Depth",WAHR
"Maximum Image Size","Taille maximum de l'image",,"Maximum Image Size",WAHR
"Maximum Number of Price Intervals","Nombre maximal d'intervalles de prix",,"Maximum Number of Price Intervals",WAHR
"Maximum Qty Allowed in Shopping Cart","Quantité maximum autorisée dans le panier",,"Maximum Qty Allowed in Shopping Cart",WAHR
"Maximum allowed image size for '%s' is %sx%s px.","La taille d'image maximale autorisée pour '%s' est %sx%sp px.",,"Maximum allowed image size for '%s' is %sx%s px.",WAHR
"Maximum image height","Hauteur maximale de l'image",,"Maximum image height",WAHR
"Maximum image width","Largeur maximale de l'image",,"Maximum image width",WAHR
"Maximum number of characters:","Nombre de caractères maximum :",,"Maximum number of characters:",WAHR
"Maximum number of price intervals is 100","Le nombre maximal d'intervalles de prix est de 100",,"Maximum number of price intervals is 100",WAHR
"Maximum width base product image will be scaled down to in pixels","Maximum width base product image will be scaled down to in pixels","+","Maximum width base product image will be scaled down to in pixels",WAHR
"Maximum width small product image will be scaled down to in pixels","Maximum width small product image will be scaled down to in pixels","+","Maximum width small product image will be scaled down to in pixels",WAHR
"Media Image","Image media",,"Media Image",WAHR
"Minimum Advertised Price","Prix minimum annoncés",,"Minimum Advertised Price",WAHR
"Minimum Lines per Page","Lignes minimum par page",,"Minimum Lines per Page",WAHR
"Minimum Qty Allowed in Shopping Cart","Quantité minimum autorisée dans le panier",,"Minimum Qty Allowed in Shopping Cart",WAHR
"Minimum Qty for Item\'s Status to be Out of Stock","Quantité minimum pour que le statut de l'article soit ""Rupture de stock""",,"Minimum Qty for Item\'s Status to be Out of Stock",WAHR
"Missing SKU, skipping the record.","SKU manquant, le dossier est sauté.",,"Missing SKU, skipping the record.",WAHR
"More Views","Plus de vues",,"More Views",WAHR
"Move","Déplacer",,"Move",WAHR
"Move category in tree","Déplacez la catégorie dans l'arbre",,"Move category in tree",WAHR
"Multi update product","Produit à plusieurs mises à jour",,"Multi update product",WAHR
"Must be in the allowed values list.","Doit être dans la liste des valeurs autorisées.",,"Must be in the allowed values list.",WAHR
"My Account","Mon compte",,"My Account",WAHR
"N/A","N/A",,"N/A",WAHR
"Name","Nom",,"Name",WAHR
"Name in %s","Nom dans %s",,"Name in %s",WAHR
"New Category","Nouvelle catégorie",,"New Category",WAHR
"New Product","Nouveau produit",,"New Product",WAHR
"New Product Attribute","Nouvel attribut de produit",,"New Product Attribute",WAHR
"New Products","Nouveaux produits",,"New Products",WAHR
"New Products Grid Template","Modèle de grille nouveaux produits",,"New Products Grid Template",WAHR
"New Products List Template","Modèle de liste nouveaux produits",,"New Products List Template",WAHR
"New Root Category","Nouvelle catégorie principale",,"New Root Category",WAHR
"New Search","Nouvelle recherche",,"New Search",WAHR
"New Set Name","Nouveau nom d'ensemble",,"New Set Name",WAHR
"New Subcategory","Nouvelle sous-catégorie",,"New Subcategory",WAHR
"New products","Nouveaux produits",,"New products",WAHR
"Next","Suivant",,"Next",WAHR
"No","Non",,"No",WAHR
"No image","Pas d'image",,"No image",WAHR
"No layout updates","Aucune mise à jour de mise en page",,"No layout updates",WAHR
"No options of this product are available.","Il n'y a pas d'options disponibles pour ce produit",,"No options of this product are available.",WAHR
"No product collections found.","Pas de collection de produits trouvée.",,"No product collections found.",WAHR
"None","aucun",,"None",WAHR
"Not Visible Individually","Pas visibles individuellement",,"Not Visible Individually",WAHR
"Notify Low Stock RSS","Notifier le faible stock dans le RSS",,"Notify Low Stock RSS",WAHR
"Notify for Quantity Below","Notifier pour les quantités en dessous de",,"Notify for Quantity Below",WAHR
"Nowhere","Nowhere","+","Nowhere",WAHR
"Number of Products per Page","Nombre de produits par page",,"Number of Products per Page",WAHR
"Number of Products to Display","Nombre de produits à afficher",,"Number of Products to Display",WAHR
"Number of Uses","Nombre d'utilisations",,"Number of Uses",WAHR
"Number of results","Nombre de résultats",,"Number of results",WAHR
"Number of results (For the last time placed)","Nombre de résultats (pour la dernière fois)",,"Number of results (For the last time placed)",WAHR
"Number of results<br/>(For the last time placed)","Nombre de résultats<br/>(pour la dernière fois)",,,FALSCH
"OK","OK",,"OK",WAHR
"OR","OU",,"OR",WAHR
"Old Price:","Ancien prix :",,"Old Price:",WAHR
"On Gesture","Par geste",,"On Gesture",WAHR
"Option validation failed to add product to cart.","Échec de l'ajout de la validation de l'option au panier.",,"Option validation failed to add product to cart.",WAHR
"Option values","Valeurs d'option",,"Option values",WAHR
"Option:","Option :",,"Option:",WAHR
"Options","Options",,"Options",WAHR
"Options Control","Contrôle de l'option",,"Options Control",WAHR
"Options is required","Option requise",,"Options is required",WAHR
"Our customer service is available 24/7. Call us at (555) 555-0123.","Notre service client est disponible 24 heures sur 24, 7 jours sur 7. Appelez-nous au (555) 555-0123.",,,FALSCH
"Out of Stock","En rupture de stock",,"Out of Stock",WAHR
"Out of stock","Epuisé",,"Out of stock",WAHR
"PM","PM",,"PM",WAHR
"Page Title Separator","Séparateur titre de la page",,"Page Title Separator",WAHR
"Parent Category","Catégorie parent",,"Parent Category",WAHR
"Pending","En cours",,"Pending",WAHR
"Pending Reviews RSS","RSS des avis en attente",,"Pending Reviews RSS",WAHR
"Percentage","Pourcentage",,"Percentage",WAHR
"Please add rows to option.","Veuillez ajouter des lignes à l'option.",,"Please add rows to option.",WAHR
"Please be careful as once you click on the row it will load package data form the selected file and all unsaved form data will be lost.","Veuillez faire attention : une fois que vous cliquez sur la ligne, les données du paquet sélectionné se chargeront et toutes les données non-enregistrées seront perdues.",,"Please be careful as once you click on the row it will load package data form the selected file and all unsaved form data will be lost.",WAHR
"Please click on the Close Window button if it is not closed automatically.","Veuillez cliquer sur le bouton Fermer la fenêtre si celle-ci n'est pas fermée automatiquement.",,"Please click on the Close Window button if it is not closed automatically.",WAHR
"Please enter a new group name","Veuillez entrer un nouveau nom de groupe",,"Please enter a new group name",WAHR
"Please refresh ""Catalog URL Rewrites"" and ""Product Attributes"" in System -&gt; <a href=""%s"">Index Management</a>","Veuillez actualiser ""URL de réécriture du catalogue"" et ""Attributs de produits"" dans Système -> <a href=""%s"">Gestion de l'Index</a>",,"Please refresh ""Catalog URL Rewrites"" and ""Product Attributes"" in System -&gt; <a href=""%s"">Index Management</a>",WAHR
"Please refresh ""Catalog URL Rewrites"" and ""Product Attributes"" in System -> <a href=""%s"">Index Management</a>","Veuillez actualiser ""URL de réécriture du catalogue"" et ""Attributs de produits"" dans Système -> <a href=""%s"">Gestion de l'Index</a>",,"Please refresh ""Catalog URL Rewrites"" and ""Product Attributes"" in System -> <a href=""%s"">Index Management</a>",WAHR
"Please refresh ""Product Attributes"" in System -&gt; <a href=""%s"">Index Management</a>","Veuillez rafraîchir ""Attributs du produit"" dans l' <a href=""%s"">Index Management</a> du système",,"Please refresh ""Product Attributes"" in System -&gt; <a href=""%s"">Index Management</a>",WAHR
"Please select a static block ...","Veuillez sélectionner un bloc statique...",,"Please select a static block ...",WAHR
"Please select items.","Veuillez sélectionner des articles.",,"Please select items.",WAHR
"Please select one or more attributes.","Veuillez sélectionner un ou plusieurs attribut(s).",,"Please select one or more attributes.",WAHR
"Please select product(s).","Veuillez sélectionner le(s) produit(s).",,"Please select product(s).",WAHR
"Please select products for attributes update","Veuillez sélectionner des produits pour la mise à jour des attributs",,"Please select products for attributes update",WAHR
"Please set up merge date/time","Veuillez définir la fusion date/heure",,"Please set up merge date/time",WAHR
"Please set up merge date/time later then present date","Veuillez mettre en place une fusion date/heure ultérieure à la date actuelle",,"Please set up merge date/time later then present date",WAHR
"Please specify date required option(s).","Veuillez spécifier l'(les) option(s) requise(s) pour la date.",,"Please specify date required option(s).",WAHR
"Please specify the number of products, that will not be divided into subintervals.","Veuillez spécifier le nombre de produits qui ne seront pas divisés en sous-intervalles.",,"Please specify the number of products, that will not be divided into subintervals.",WAHR
"Please specify the product required option(s)","Veuillez spécifier l'option/ les options requise(s) pour le produit",,"Please specify the product required option(s)",WAHR
"Please specify the product required option(s).","Veuillez spécifier l'option/les options requise(s) pour le produit.",,"Please specify the product required option(s).",WAHR
"Please specify the product\'s option(s).","Veuillez spécifier les options du produit.",,"Please specify the product\'s option(s).",WAHR
"Please specify the product\'s required option(s).","Veuillez spécifier l'option/les options requise(s) du produit.",,"Please specify the product\'s required option(s).",WAHR
"Please specify the quantity of product(s).","Veuillez spécifier la quantité de produit(s).",,"Please specify the quantity of product(s).",WAHR
"Please specify time required option(s).","Veuillez spécifier les options dépendant du temps.",,"Please specify time required option(s).",WAHR
"Please wait...","Veuillez patienter...",,"Please wait...",WAHR
"Position","Position",,"Position",WAHR
"Position in Layered Navigation","Position dans la navigation par niveau",,"Position in Layered Navigation",WAHR
"Position of attribute in layered navigation block","Position de l'attribut dans le bloc navigation par niveaux",,"Position of attribute in layered navigation block",WAHR
"Prev","Préc",,"Prev",WAHR
"Previous","Précédent",,"Previous",WAHR
"Price","Prix",,"Price",WAHR
"Price From","Price From","+","Price From",WAHR
"Price Navigation Step Calculation","Calcul Prix Etape de Navigation",,"Price Navigation Step Calculation",WAHR
"Price Type","Type de prix",,"Price Type",WAHR
"Price is not available","Le prix n'est pas disponible",,"Price is not available",WAHR
"Price values for options should be specified in system base currency.","Les valeurs des prix pour les options devraient être définies dans une devise de base du système",,"Price values for options should be specified in system base currency.",WAHR
"Price:","Prix:",,"Price:",WAHR
"Price: %s","Prix : %s",,"Price: %s",WAHR
"Print This Page","Imprimer cette page",,"Print This Page",WAHR
"Product","Produit",,"Product",WAHR
"Product API","Produit API",,"Product API",WAHR
"Product Alerts","Alertes produit",,"Product Alerts",WAHR
"Product Attribute","Attribut de produit",,"Product Attribute",WAHR
"Product Attributes","Attributs Produit",,"Product Attributes",WAHR
"Product Categories","Catégories Produit",,"Product Categories",WAHR
"Product Description","Description du produit",,"Product Description",WAHR
"Product Extra Info","Informations supplémentaires sur le produit",,"Product Extra Info",WAHR
"Product Flat Data","Données fixes du produit",,"Product Flat Data",WAHR
"Product ID","ID produit",,"Product ID",WAHR
"Product Image","Image du Produit",,"Product Image",WAHR
"Product Image Placeholders","Paramètres Image du Produit",,"Product Image Placeholders",WAHR
"Product Image Watermarks","Filigranes Image du Produit",,"Product Image Watermarks",WAHR
"Product Images","Images du Produit",,"Product Images",WAHR
"Product Images API","Images API du Produit",,"Product Images API",WAHR
"Product In Websites","Produit dans les Sites Internet",,"Product In Websites",WAHR
"Product Info Column","Colonne d'informations du Produit",,"Product Info Column",WAHR
"Product Information","Information produit",,"Product Information",WAHR
"Product Link Block Template","Produit Lien Modèle Bloc",,"Product Link Block Template",WAHR
"Product Link Inline Template","Produit Lien Modèle Conforme",,"Product Link Inline Template",WAHR
"Product Listing Sort by","Liste des Produits triés par",,"Product Listing Sort by",WAHR
"Product Name","Nom du produit",,"Product Name",WAHR
"Product Prices","Prix des Produits",,"Product Prices",WAHR
"Product Reviews","Avis sur le produit",,"Product Reviews",WAHR
"Product Tags","Étiquettes des produits",,"Product Tags",WAHR
"Product Tier Price API","Produit Niveau de Prix API",,"Product Tier Price API",WAHR
"Product Type","Type de Produit",,"Product Type",WAHR
"Product URL Suffix","Suffixe URL du produit",,"Product URL Suffix",WAHR
"Product View Extra Hint","Vue par produit trace supplémentaire",,"Product View Extra Hint",WAHR
"Product attribute sets API","Jeux d'attributs Produit API",,"Product attribute sets API",WAHR
"Product attributes API","Attributs API du produit",,"Product attributes API",WAHR
"Product collection expected.","Collection du produit attendu.",,"Product collection expected.",WAHR
"Product is not loaded","Le produit n'est pas chargé",,"Product is not loaded",WAHR
"Product links API (related, cross sells, up sells)","API de liens de produits (liés, ventes croisées ...)",,"Product links API (related, cross sells, up sells)",WAHR
"Product name","Nom du produit",,"Product types API",FALSCH
"Product types API","Types API du produit",,"Product with this combination of attributes already associated to configurable.",FALSCH
"Product with this combination of attributes already associated to configurable.","Les produits avec cette combinaison d'attributs sont déjà associés à configurable.",,"Products",FALSCH
"Products","Produits",,"Products Comparison List",FALSCH
"Products Comparison List","Liste de comparaison des produits",,"Products Information",FALSCH
"Products Information","Information des produits",,"Products Reviews",FALSCH
"Products Reviews","Avis sur les produits",,"Products Sitemap",FALSCH
"Products Sitemap","Plan du site produits",,"Products only",FALSCH
"Products only","Produits seulement",,"Products per Page on Grid Allowed Values",FALSCH
"Products per Page on Grid Allowed Values","Produits par page sur les valeurs autorisées des lignes",,"Products per Page on Grid Default Value",FALSCH
"Products per Page on Grid Default Value","Produits par page sur les valeurs par défaut des lignes",,"Products per Page on List Allowed Values",FALSCH
"Products per Page on List Allowed Values","Produit par page sur les valeurs autorisées des listes",,"Products per Page on List Default Value",FALSCH
"Products per Page on List Default Value","Produits par page sur la valeur par défaut de la liste",,"Properties",FALSCH
"Properties","Propriétés",,"Qty",FALSCH
"Qty","Qté",,"Qty Increments",FALSCH
"Qty Increments","Augmentation de la quantité",,"Qty Uses Decimals",FALSCH
"Qty Uses Decimals","La quantité utilise des décimales",,"Qty for Item\'s Status to Become Out of Stock",FALSCH
"Qty for Item\'s Status to Become Out of Stock","Nombre de statuts de produits bientôt épuisés",,"Qty:",FALSCH
"Qty for Item\'s Status to become Out of Stock","Nombre de statuts de produits bientôt épuisés",,"Quantity",FALSCH
"Qty:","Qté:",,"Quick Create",FALSCH
"Quantity","Quantité",,"Quick Overview",FALSCH
"Quick Create","Création Rapide",,"Quick simple product creation",FALSCH
"Quick Overview","Vue générale rapide",,"Records for ""%s"" store found.",FALSCH
"Quick simple product creation","Création de produit rapide et simple",,"Recurring Payment Profile",FALSCH
"Records for ""","Enregistrements pour """,,"Redirect",FALSCH
"Records for ""%s"" store found.","Enregistrements trouvés pour ""%s"" boutique.",,"Redirect URL",FALSCH
"Redirect","Redirection",,"Regular Price:",FALSCH
"Redirect URL","Rediriger l'adresse URL",,"Related Products",FALSCH
"Regular Price:","Prix normal",,"Remove",FALSCH
"Related Products","Produits apparentés",,"Remove Product From Websites",FALSCH
"Remove","Supprimer",,"Remove This Item",FALSCH
"Remove Product From Websites","Supprimer le produit des sites web",,"Remove attribute from attribute set",FALSCH
"Remove This Item","Retirer cet article",,"Remove attribute set",FALSCH
"Remove attribute from attribute set","Supprimer un attribut de l'ensemble des attributs",,"Remove custom option",FALSCH
"Remove attribute set","Supprimer un ensemble d'attributs",,"Remove group from attribute set",FALSCH
"Remove custom option","Supprimer l'option personnalisée",,"Remove option",FALSCH
"Remove group from attribute set","Supprimer un groupe de l'ensemble des attributs",,"Remove product assignment",FALSCH
"Remove option","Retirer l'option",,"Remove product image",FALSCH
"Remove product assignment","Supprimer l'affectation du produit",,"Remove product link",FALSCH
"Remove product image","Enlever l'image du produit",,"Remove value from custom option",FALSCH
"Remove product link","Supprimer le lien du produit",,"Rename existing group",FALSCH
"Remove value from custom option","Retirer la valeur de l'option personnalisée",,"Rename group",FALSCH
"Rename existing group","Renommer un groupe existant",,"Reorganize EAV category structure to flat structure",FALSCH
"Rename group","Renommer un groupe",,"Reorganize EAV product structure to flat structure",FALSCH
"Reorganize EAV category structure to flat structure","Réorganiser la structure de la catégorie EAV en structure plate",,"Reset",FALSCH
"Reorganize EAV product structure to flat structure","Réorganiser la structure du produit EAV en structure plate",,"Results",FALSCH
"Reset","Réinitialiser",,"Results per page",FALSCH
"Results","Résultats",,"Retrieve attribute data",FALSCH
"Results per page","Résultats par page",,"Retrieve attribute list",FALSCH
"Retrieve attribute data","Récupérer les données d'attributs",,"Retrieve attribute options",FALSCH
"Retrieve attribute list","Extraire la liste de l'attribut",,"Retrieve categories tree",FALSCH
"Retrieve attribute options","Extraire les options de l'attribut",,"Retrieve category attributes",FALSCH
"Retrieve categories tree","Récupérer l'arbre des catégories",,"Retrieve category data",FALSCH
"Retrieve category attributes","Extraire les attributs de la catégorie",,"Retrieve hierarchical tree",FALSCH
"Retrieve category data","Extraire les données de la catégorie",,"Retrieve linked products",FALSCH
"Retrieve hierarchical tree","Extraire l'arborescence hiérarchique",,"Retrieve list of assigned products",FALSCH
"Retrieve linked products","Extraire les produits apparentés",,"Retrieve list of option values",FALSCH
"Retrieve list of assigned products","Extraire la liste des produits affectés",,"Retrieve list of product custom options",FALSCH
"Retrieve list of option values","Récupérer la liste des valeurs d'option",,"Retrieve one level of categories by website/store view/parent category",FALSCH
"Retrieve list of product custom options","Récupérer la liste des options personnalisées de produit",,"Retrieve option value info",FALSCH
"Retrieve one level of categories by website/store view/parent category","Extraire un niveau de catégorie par site web/magasin/catégorie apparentée",,"Retrieve product",FALSCH
"Retrieve option value info","Récupérer les informations sur la valeur optionnelle",,"Retrieve product attribute sets",FALSCH
"Retrieve product","Extraire le produit",,"Retrieve product image",FALSCH
"Retrieve product attribute sets","Récupérer les ensembles d'attributs du produit",,"Retrieve product image list",FALSCH
"Retrieve product image","Extraire l'image du produit",,"Retrieve product image types",FALSCH
"Retrieve product image list","Récupérer la liste image du produit",,"Retrieve product link type attributes",FALSCH
"Retrieve product image types","Extraire les types d'images du produit",,"Retrieve product link types",FALSCH
"Retrieve product link type attributes","Extraire les attributs du type de lien du produit",,"Retrieve product tier prices",FALSCH
"Retrieve product link types","Extraire les types de lien du produit",,"Retrieve product types",FALSCH
"Retrieve product tier prices","Extraire les niveaux de prix du produit",,"Retrieve products data",FALSCH
"Retrieve product types","Extraire les types de produit",,"Retrieve products list by filters",FALSCH
"Retrieve products data","Récupérer les données produits",,"Reviews",FALSCH
"Retrieve products list by filters","Extraire la liste des produits par filtrage",,"Roll Over for preview",FALSCH
"Reviews","Commentaires",,"Root",FALSCH
"Roll Over for preview","Passez votre souris par-dessus pour la prévisualisation",,"SKU",FALSCH
"Root","Racine",,"SKU length should be %s characters maximum.",FALSCH
"SKU","UGS",,"Save",FALSCH
"SKU length should be %s characters maximum.","La longueur de l'UGS doit être de %s caractères maximum.",,"Save Attribute",FALSCH
"Save","Sauvegarder",,"Save Attribute Set",FALSCH
"Save Attribute","Sauvegarder Attribut",,"Save Category",FALSCH
"Save Attribute Set","Enregistrer l'ensemble d'attributs",,"Save Search",FALSCH
"Save Category","Sauvegarder catégorie",,"Save and Continue Edit",FALSCH
"Save Search","Sauvegarder recherche",,"Saved %d record(s)",FALSCH
"Save and Continue Edit","Sauvegarder et continuer l'édition",,"Scope",FALSCH
"Saved %d record(s)","Sauvegardé %d enregistrement(s)",,"Scope must not be changed, because the attribute is used in configurable products.",FALSCH
"Scope","Portée",,"Search",FALSCH
"Scope must not be changed, because the attribute is used in configurable products.","Le champ ne doit pas être changé, car l'attribut est utilisé dans des produits configurables.",,"Search Engine Optimizations",FALSCH
"Search","Rechercher",,"Search Information",FALSCH
"Search Engine Optimizations","Optimisations du Moteur de Recherche",,"Search Query",FALSCH
"Search Information","Informations de recherche",,"Search Term with such search query already exists.",FALSCH
"Search Query","Demande de recherche",,"Search Weight",FALSCH
"Search Term with such search query already exists.","Le terme recherché avec la même interrogation existe déjà.",,"Searchable",FALSCH
"Search Weight","Recherche de poids",,"See price before order confirmation.",FALSCH
"Searchable","Consultable",,"Select Category...",FALSCH
"See price before order confirmation.","Voir le prix avant la confirmation de commande.",,"Select Configurable Attributes ",FALSCH
"Select Category...","Sélectionner Catégorie",,"Select Product...",FALSCH
"Select Configurable Attributes ","Sélectionner les attributs configurables",,"Select type of option",FALSCH
"Select Product...","Sélectionner Produit...",,"Select type options required values rows.",FALSCH
"Select type of option","Sélectionner le type d'option",,"Selected Product Types",FALSCH
"Select type options required values rows.","La sélection du type d'options a requis des rangs de valeurs.",,"Send Count",FALSCH
"Selected Product Types","Types de Produits Sélectionnés",,"Set Ascending Direction",FALSCH
"Selected configuration is not available.","Selected configuration is not available.","+","Set Descending Direction",FALSCH
"Send Count","Envoyer Compte",,"Set Name",FALSCH
"Set Ascending Direction","Par ordre croissant",,"Set Product as New from Date",FALSCH
"Set Descending Direction","Définir Direction Descendante",,"Set Product as New to Date",FALSCH
"Set Name","Définir le nom",,"Set Root Category for Store",FALSCH
"Set Product as New from Date","Set Product as New from Date","+","Set root category for this store in the <a href=""%s"">configuration</a>",FALSCH
"Set Product as New to Date","Set Product as New to Date","+","Set special price",FALSCH
"Set Root Category for Store","Sélectionner Catégorie d'Origine pour Boutique",,"Set/Get current store view",FALSCH
"Set root category for this store in the <a href=""%s"">configuration</a>","Définir une catégorie source pour ce magasin dans la <a href=""%s"">configuration</a>",,"Settings",FALSCH
"Set special price","Définir prix spécial",,"Share Facebook",FALSCH
"Set/Get current store view","Réglez/Obtenez la vue actuelle du magasin",,"Share on Facebook",FALSCH
"Settings","Options",,"Share on Twitter",FALSCH
"Share Facebook","Partager Facebook",,"Shop By",FALSCH
"Share on Facebook","Partager sur Facebook",,"Shopping Options",FALSCH
"Share on Twitter","Partager sur Twitter",,"Short Description",FALSCH
"Shop By","Acheter par",,"Show",FALSCH
"Shopping Options","Options d'Achat",,"Show Details",FALSCH
"Short Description","Description courte",,"Show Tags",FALSCH
"Show","Afficher",,"Simple Product",FALSCH
"Show Details","Afficher les détails",,"Site Map",FALSCH
"Show Tags","Afficher Tags",,"Sitemap",FALSCH
"Simple Product","Produit Simple",,"Skip import row, is not valid value ""%s"" for field ""%s""",FALSCH
"Site Map","Plan du Site",,"Skip import row, required field ""%s"" for the new customer is not defined.",FALSCH
"Sitemap","Plan du site",,"Skip import row, the value ""%s"" is invalid for field ""%s""",FALSCH
"Skip import row, is not valid value ""%s"" for field ""%s""","Sauter la ligne d'importation, ""%s"" n'est une valeur valable pour le champ ""%s""",,"Skipping import row, required field ""%s"" for new products is not defined.",FALSCH
"Skip import row, required field ""%s"" for the new customer is not defined.","Sauter la ligne importation, le champ requis ""%s"" pour le nouveau client n'est pas défini.",,"Skipping import row, required field ""%s"" is not defined.",FALSCH
"Skip import row, the value ""%s"" is invalid for field ""%s""","Sauter la ligne d'importation, la valeur ""%s"" n'est pas valable pour le champ ""%s""",,"Skipping import row, store ""%s"" field does not exist.",FALSCH
"Skipping import row, required field ""%s"" for new products is not defined.","Saut de la ligne importation en cours, le champ ""%s"", requis pour les nouveaux produits, n'est pas défini.",,"Skipping import row, the value ""%s"" is not valid for the ""%s"" field.",FALSCH
"Skipping import row, required field ""%s"" is not defined.","Sauter la ligne d'importation, le champ requis ""%s"" n'est pas défini.",,"Small Image Width",FALSCH
"Skipping import row, store ""%s"" field does not exist.","Sauter la ligne d'importation, le champ point de vente ""%s"" n'existe pas.",,"Some of the processed products have no SKU value defined. Please fill it prior to performing operations on these products.",FALSCH
"Skipping import row, the value ""%s"" is not valid for the ""%s"" field.","Sauter la ligne d'importation, la valeur ""%s"" est invalide pour le champ ""%s"".",,"Some of the selected item options are not currently available.",FALSCH
"Small Image Width","Small Image Width","+","Sort By",FALSCH
"Some of the processed products have no SKU value defined. Please fill it prior to performing operations on these products.","Certains des produits traités n'ont pas de valeur UGS définie. Veuillez la saisir avant d'effectuer des opérations sur ces produits.",,"Sort Order",FALSCH
"Some of the processed products have no SKU value. Please fill it.","Certains des produits traités n'ont pas de valeur UGS. Se il vous plaît remplir.",,"Source Model",FALSCH
"Some of the products below do not have all the required options. Please edit them and configure all the required options.","Some of the products below do not have all the required options. Please edit them and configure all the required options.","+","Special Expires On: %s",FALSCH
"Some of the products below do not have all the required options. Please remove them and add again with all the required options.","Some of the products below do not have all the required options. Please remove them and add again with all the required options.","+","Special Price",FALSCH
"Some of the selected item options are not currently available.","Certaines des options d'article sélectionnées ne sont actuellement pas disponibles.",,"Special Price:",FALSCH
"Sort By","Trier par",,"Special Price: %s",FALSCH
"Sort Order","Trier la commande",,"Special Price From Date",FALSCH
"Source Model","Modèle source",,"Special Price To Date",FALSCH
"Special Expires On: %s","Spécial expire le : %s",,"Starting at:",FALSCH
"Special Price","Prix Spécial",,"Static",FALSCH
"Special Price:","Prix Spécial :",,"Static block and products",FALSCH
"Special Price: %s","Prix spécial : %s",,"Static block only",FALSCH
"Special Price From Date","Special Price From Date","+","Status",FALSCH
"Special Price To Date","Special Price To Date","+","Stock Availability",FALSCH
"Starting at:","Dès:",,"Store",FALSCH
"Static","Statique",,"Store View",FALSCH
"Static block and products","Bloc statique et produits",,"Stretch",FALSCH
"Static block only","Bloc statique uniquement",,"Subscribe to RSS Feed",FALSCH
"Status","Statut",,"Super product attributes configuration",FALSCH
"Stock Availability","Disponibilité du Stock",,"Synonym For",FALSCH
"Store","Magasin",,"System Properties",FALSCH
"Store View","Vue du magasin",,"Tag Name",FALSCH
"Stretch","Étirer",,"Tax",FALSCH
"Subscribe to RSS Feed","S'abonner au flux RSS",,"Template",FALSCH
"Super product attributes configuration","Configuration attributs super produit",,"Text",FALSCH
"Synonym For","Synonyme de",,"The Flat Catalog module has a limit of %2\$d filterable and/or sortable attributes. Currently there are %1\$d of them. Please reduce the number of filterable/sortable attributes in order to use this module",FALSCH
"System Properties","Propriétés Système",,"The From Date value should be less than or equal to the To Date value.",FALSCH
"Tag Name","Nom de l'étiquette",,"The attribute code \'%s\' is reserved by system. Please try another attribute code",FALSCH
"Tax","Taxe",,"The attribute model is not defined",FALSCH
"Template","Modèle visuel",,"The attribute set has been saved.",FALSCH
"Text","Texte",,"The base directory to upload file is not specified.",FALSCH
"The Flat Catalog module has a limit of %2\$d filterable and/or sortable attributes. Currently there are %1\$d of them. Please reduce the number of filterable/sortable attributes in order to use this module","La module du Catalogue fixe a une limite de %2\$d attributs filtrables et/ou triables. Il y en a actuellement %1\$d. Veuillez réduire le nombre d'attributs filtrables/triables afin d'utiliser ce module.",,"The category has been deleted.",FALSCH
"The Flat Catalog module has a limit of %2\$d filterable and/or sortable attributes. Currently there are %1\$d of them. Please reduce the number of filterable/sortable attributes in order to use this module.","La module du Catalogue fixe a une limite de %2\$d attributs filtrables et/ou triables. Il y en a actuellement %1\$d. Veuillez réduire le nombre d'attributs filtrables/triables afin d'utiliser ce module.",,"The category has been saved.",FALSCH
"The From Date value should be less than or equal to the To Date value.","The From Date value should be less than or equal to the To Date value.","+","The comparison list was cleared.",FALSCH
"The attribute code \'%s\' is reserved by system. Please try another attribute code","Le code d'attribut  \'%s\' est réservé par le système. Veuillez essayer un autre code",,"The file '%s' for '%s' has an invalid extension",FALSCH
"The attribute model is not defined","Le modèle d'attribut n'est pas défini.",,"The file '%s' you uploaded is larger than %s Megabytes allowed by server",FALSCH
"The attribute set has been saved.","L'ensemble d'attributs a été enregistré.",,"The file you uploaded is larger than %s Megabytes allowed by server",FALSCH
"The base directory to upload file is not specified.","Le répertoire de base pour télécharger le fichier n'est pas spécifié.",,"The filters must be an array.",FALSCH
"The base directory to upload image file is not specified.","Le répertoire de base pour télécharger le image n'est pas spécifié.",,"The image contents is not valid base64 data.",FALSCH
"The category has been deleted.","La catégorie a été supprimée.",,"The image is not specified.",FALSCH
"The category has been saved.","La catégorie a été sauvegardée.",,"The model collection resource name is not defined.",FALSCH
"The comparison list was cleared.","La liste de comparative a été vidée.",,"The product %s has been added to comparison list.",FALSCH
"The email template is not specified by administrator.","The email template is not specified by administrator.","+","The product %s has been removed from comparison list.",FALSCH
"The file '%s' for '%s' has an invalid extension","Le fichier '%s' pour '%s' a une extension invalide",,"The product attribute has been deleted.",FALSCH
"The file '%s' you uploaded is larger than %s Megabytes allowed by server","Le fichier '%s' que vous ave envoyé est plus gros que les %s Mb autorisés par le serveur",,"The product attribute has been saved.",FALSCH
"The file you uploaded is larger than %s Megabytes allowed by server","Le fichier que vous avez téléchargé est supérieur aux %s Mb autorisés par le serveur",,"The product has been created.",FALSCH
"The filters must be an array.","Les filtres doivent être une matrice.",,"The product has been deleted.",FALSCH
"The image contents is not valid base64 data.","Le contenu de l'image n'est pas valide en données de base64.",,"The product has been duplicated.",FALSCH
"The image is not specified.","L'image n'est pas spécifiée.",,"The product has been saved.",FALSCH
"The model collection resource name is not defined.","Le nom de la ressource du modèle collection n'est pas défini.",,"The product has required options",FALSCH
"The product %s has been added to comparison list.","Le produit %s a été ajouté à la liste comparative.",,"The review has been deleted",FALSCH
"The product %s has been removed from comparison list.","Le produit %s a été retiré de la liste comparative.",,"The review has been saved.",FALSCH
"The product attribute has been deleted.","L'attribut produit a été supprimé.",,"The review was removed by another user or does not exist.",FALSCH
"The product attribute has been saved.","L'attribut produit a été sauvegardé.",,"The search was deleted.",FALSCH
"The product has been created.","Le produit a été créé.",,"The text is too long",FALSCH
"The product has been deleted.","Le produit a été supprimé.",,"There are no %s available.",FALSCH
"The product has been duplicated.","Le produit a été dupliqué.",,"There are no customers for this alert",FALSCH
"The product has been saved.","Le produit a été sauvegardé.",,"There are no customers for this alert.",FALSCH
"The product has required options","Le produit a des options obligatoires.",,"There are no products matching the selection.",FALSCH
"The review has been deleted","Le rapport a été supprimé",,"There was an error while request processing.",FALSCH
"The review has been saved.","Le rapport a été enregistré.",,"This Attribute no longer exists",FALSCH
"The review was removed by another user or does not exist.","Le rapport a été supprimé par un autre utilisateur ou n'existe pas.",,"This attribute cannot be deleted.",FALSCH
"The search was deleted.","La recherche a été supprimée.",,"This attribute cannot be edited.",FALSCH
"The text is too long","Le texte est trop long",,"This attribute cannot be updated.",FALSCH
"There are no %s available.","Il n'y a pas de %s disponible.",,"This attribute is used in configurable products.",FALSCH
"There are no customers for this alert","Il n'y a pas de client pour cette alerte.",,"This attribute is used in configurable products. You cannot remove it from the attribute set.",FALSCH
"There are no customers for this alert.","Il n'y a pas de client pour cette alerte.",,"This attribute no longer exists",FALSCH
"There are no products matching the selection.","Aucun produit ne correspond à la sélection.",,"This attribute set no longer exists.",FALSCH
"There was an error while request processing.","Une erreur s'est produite lors du traitement de votre demande.",,"This group contains attributes, used in configurable products. Please move these attributes to another group and try again.",FALSCH
"This Attribute no longer exists","Cet attribut n'existe plus",,"This group contains system attributes. Please move system attributes to another group and try again.",FALSCH
"This attribute cannot be deleted.","L'attribut ne peut pas être supprimé.",,"This is a required option",FALSCH
"This attribute cannot be edited.","Cet attribut ne peut pas être modifié.",,"This product no longer exists.",FALSCH
"This attribute cannot be updated.","L'attribut ne peut pas être mis à jour.",,"This search no longer exists.",FALSCH
"This attribute is used in configurable products.","Cet attribut est utilisé dans les produits configurables.",,"This setting will be applied when all prices in the specific price interval are equal.",FALSCH
"This attribute is used in configurable products. You cannot remove it from the attribute set.","L'attribut est utilisé dans des produits paramétrables. Vous ne pouvez pas le retirer de la série d'attributs.",,"Tier Price",FALSCH
"This attribute no longer exists","Cet attribut n'existe plus",,"Tier Pricing",FALSCH
"This attribute set no longer exists.","La série d'attributs n'existe plus.",,"Tile",FALSCH
"This group contains attributes, used in configurable products. Please move these attributes to another group and try again.","Le groupe contient des attributs, utilisés dans des produits paramétrables. Veuillez déplacer ces attributs vers un autre groupe et réessayer.",,"Time Format",FALSCH
"This group contains system attributes. Please move system attributes to another group and try again.","Le groupe contient des attributs système. Veuillez déplacer les attributs système vers un autre groupe et réessayer.",,"Title",FALSCH
"This is a required option","Cette option est requise",,"To reindex the enabled product(s), the store or product must be specified",FALSCH
"This product no longer exists.","Ce produit n'existe plus.",,"To see product price, add this item to your cart. You can always remove it later.",FALSCH
"This search no longer exists.","Cette recherche n'existe plus.",,"Top/Left",FALSCH
"This setting will be applied when all prices in the specific price interval are equal.","Ce paramètre sera appliqué lorsque tous les prix dans l'intervalle de prix spécifique sont égaux.",,"Top/Right",FALSCH
"Tier Price","Tier Price","+","Total Qty Base Items",FALSCH
"Tier Pricing","Catégorie de prix",,"Total Qty Content Items",FALSCH
"Tile","Carreau",,"Total incl. Tax: %1$s",FALSCH
"Time Format","Format horaire",,"Total of %d record(s) have been deleted.",FALSCH
"Title","Titre",,"Total of %d record(s) have been updated.",FALSCH
"To reindex the enabled product(s), the store or product must be specified","Pour réindexer les produits activés, la boutique ou le produit doit être spécifié",,"Total of %d record(s) were updated",FALSCH
"To reindex the enabled product(s), the store or product must be specified.","Pour réindexer les produits activés, la boutique ou le produit doit être spécifié.",,"Type",FALSCH
"To see product price, add this item to your cart. You can always remove it later.","Pour voir le prix du produit, ajoutez ce produit à votre panier. Vous pourrez toujours le supprimer plus tard.",,"URL Rewrite Management",FALSCH
"Top/Left","Supérieur/Gauche",,"Unable to complete this request.",FALSCH
"Top/Right","Haut / Droite",,"Unable to find a search term to delete.",FALSCH
"Total Qty Base Items","Qté Totale d'articles de base",,"Unable to find an attribute to delete.",FALSCH
"Total Qty Content Items","Qté totale des articles contenus",,"Unable to get the product ID.",FALSCH
"Total incl. Tax: %1$s","Total, TVA incl. : %1s",,"Unassigned Attributes",FALSCH
"Total of %d record(s) have been deleted.","Un total de %d entrée(s) ont été supprimées.",,"Unknown EAV indexer type ""%s"".",FALSCH
"Total of %d record(s) have been updated.","Un total de %d entrée(s) ont été mises à jour.",,"Unknown attribute: %s.",FALSCH
"Total of %d record(s) were updated","Un total de %d enregistrements ont été mis à jour.",,"Unsupported product type ""%s"".",FALSCH
"Type","Type",,"Up-sells",FALSCH
"URL Rewrite Management","Gestion de réécriture d'URL",,"Update",FALSCH
"Unable to complete this request.","Impossible de répondre à la demande.",,"Update Attributes",FALSCH
"Unable to find a search term to delete.","Impossible de trouver un terme de recherche à supprimer.",,"Update Tier Price",FALSCH
"Unable to find an attribute to delete.","Impossible de trouver un attribut à supprimer.",,"Update assigned product",FALSCH
"Unable to get the product ID.","Impossible d'obtenir l'ID produit.",,"Update attribute",FALSCH
"Unassigned Attributes","Attributs non assignés",,"Update attributes",FALSCH
"Unknown EAV indexer type ""%s"".","Type d’indexer EAV inconnu ""%s"".",,"Update category",FALSCH
"Unknown attribute: %s.","Attribut inconnu: %s.",,"Update custom option of product",FALSCH
"Unsupported product type ""%s"".","Type de produit ""%s"" non pris en charge.",,"Update product",FALSCH
"Up-sells","Ventes additionnelles",,"Update product image",FALSCH
"Update","Mise à jour",,"Update product link",FALSCH
"Update Attributes","Mettre à jour les attributs",,"Update product tier prices",FALSCH
"Update Tier Price","Mettre à jour le niveau de prix",,"Update value of custom option",FALSCH
"Update assigned product","Mettre à jour le produit assigné",,"Upload new product image ",FALSCH
"Update attribute","Mettre à jour l'attribut",,"Use Canonical Link Meta Tag For Categories",FALSCH
"Update attributes","Attributs de la mise à jour",,"Use Canonical Link Meta Tag For Products",FALSCH
"Update category","Mettre à jour la catégorie",,"Use Categories Path for Product URLs",FALSCH
"Update custom option of product","Mettre à jour l'option personnalisée du produit",,"Use Config Settings",FALSCH
"Update product","Mettre à jour le produit",,"Use Default Value",FALSCH
"Update product image","Mettre à jour l'image du produit",,"Use Flat Catalog Category",FALSCH
"Update product link","Mettre à jour le lien du produit",,"Use Flat Catalog Product",FALSCH
"Update product tier prices","Mettre à jour le niveau des prix du produit",,"Use In Layered Navigation",FALSCH
"Update value of custom option","Mettre à jour la valeur de l'option personnalisée",,"Use In Search Results Layered Navigation",FALSCH
"Upload new product image ","Charger une nouvelle image produit",,"Use JavaScript Calendar",FALSCH
"Url Rewrite Management","Url Rewrite Management","+","Use Static URLs for Media Content in WYSIWYG for Catalog",FALSCH
"Use Canonical Link Meta Tag For Categories","Utiliser les méta-données du lien canonique pour les catégories",,"Use To Create Configurable Product",FALSCH
"Use Canonical Link Meta Tag For Products","Utiliser Canonical Link Meta Tag pour les produits",,"Use Tree Like Category Sitemap",FALSCH
"Use Categories Path for Product URLs","Utiliser le Chemin des Catégories pour les URL de Produits",,"Use config",FALSCH
"Use Config Settings","Utiliser les Paramètres de Configuration",,"Use default",FALSCH
"Use Default Value","Utiliser la valeur par défaut",,"Use for Promo Rule Conditions",FALSCH
"Use Flat Catalog Category","Utiliser la Catégorie des Catalogues à Plat",,"Use four-digit year format.",FALSCH
"Use Flat Catalog Product","Utiliser un Produit de Catalogue à Plat",,"Use in Advanced Search",FALSCH
"Use In Layered Navigation","Utiliser en Navigation par Couches",,"Use in Layered Navigation",FALSCH
"Use In Search Results Layered Navigation","Utilisez la page de résultats de navigation en couches",,"Use in Layered Navigation<br/>(Can be used only with catalog input type 'Dropdown')",FALSCH
"Use JavaScript Calendar","Utiliser le Calendrier JavaScript",,"Use in Quick Search",FALSCH
"Use Static URLs for Media Content in WYSIWYG for Catalog","Utilisez des URL statiques pour le contenu multimédia en mode WYSIWYG pour le catalogue",,"Used for Sorting in Product Listing",FALSCH
"Use To Create Configurable Product","Permet de créer des produits configurables",,"Used in Product Listing",FALSCH
"Use Tree Like Category Sitemap","Utiliser la carte du site sous forme de hiérarchie",,"Value for ""%s"" is invalid.",FALSCH
"Use config","Utiliser config",,"Value for ""%s"" is invalid: %s",FALSCH
"Use default","Utiliser le défaut",,"Varchar",FALSCH
"Use for Promo Rule Conditions","Utiliser pour les conditions de la promotion",,"View Details",FALSCH
"Use four-digit year format.","Utiliser un format de date sur quatre caractères",,"View as",FALSCH
"Use in Advanced Search","Utiliser en recherche avancée",,"Virtual Product",FALSCH
"Use in Layered Navigation","Utiliser dans la navigation en couches",,"Visibility",FALSCH
"Use in Layered Navigation<br/>(Can be used only with catalog input type 'Dropdown')","Utiliser en Navigation par Couches<br/>(Utilisable seulement avec le type d'entrée catalogue 'Liste déroulante')",,"Visible",FALSCH
"Use in Quick Search","Utilisation dans la recherche rapide",,"Visible on Catalog Pages on Front-end",FALSCH
"Used for Sorting in Product Listing","Utilisé pour Trier dans une Liste de Produits",,"Visible on Product View Page on Front-end",FALSCH
"Used in Product Listing","Utilisé dans une Liste de Produits",,"WYSIWYG Editor",FALSCH
"Value for ""%s"" is invalid.","La valeur pour ""%s"" est invalide.",,"Watermark",FALSCH
"Value for ""%s"" is invalid: %s","La valeur pour ""%s"" est invalide : %s",,"Watermark Default Size",FALSCH
"Varchar","Varchar",,"Watermark Opacity, Percent",FALSCH
"View Details","Afficher détails",,"Watermark Position",FALSCH
"View as","Visualiser comme",,"We Also Recommend",FALSCH
"Virtual Product","Produit virtuel",,"Website",FALSCH
"Visibility","Visibilité",,"Website Item Must be checked",FALSCH
"Visible","Visible",,"Website Store Must be checked",FALSCH
"Visible on Catalog Pages on Front-end","Visible sur les Pages Catalogue dans l'interface utilisateur",,"Websites",FALSCH
"Visible on Product View Page on Front-end","Visible sur la Page Vue Produit dans l'interface utilisateur",,"What's this?",FALSCH
"WYSIWYG Editor","Éditeur WYSIWYG",,"Whether to show ""All"" option in the ""Show X Per Page"" dropdown.",FALSCH
"Watermark","Filigrane",,"Will make search for the query above return results for this search.",FALSCH
"Watermark Default Size","Taille par Défaut du Filigrane",,"Wrong BuyRequest instance in options group.",FALSCH
"Watermark Opacity, Percent","Opacité du Filigrane, en Pourcentage",,"Wrong configuration item instance in options group.",FALSCH
"Watermark Position","Position du Filigrane",,"Wrong configuration item option instance in options group.",FALSCH
"We Also Recommend","Nous conseillons aussi",,"Wrong option instance type in options group.",FALSCH
"Website","Site",,"Wrong option type to get group instance.",FALSCH
"Website Item Must be checked","L'élément de Site Web doit être vérifié",,"Wrong product instance type in options group.",FALSCH
"Website Store Must be checked","Le site web du magasin doit être vérifié",,"Wrong product type filter specified",FALSCH
"Websites","Site web",,"Wrong product type to extract configurable options.",FALSCH
"What's this?","Qu'est-ce ?",,"Year Range",FALSCH
"Whether to show ""All"" option in the ""Show X Per Page"" dropdown.","Afficher ""Toutes"" les options dans la liste déroulante ""Afficher x par page"".",,"Yes",FALSCH
"Will make search for the query above return results for this search.","Effectuera une recherche pour la question ci-dessus et reviendra aux résultats de cette recherche.",,"You cannot remove system attribute from this set.",FALSCH
"Wrong BuyRequest instance in options group.","Mauvaise instance de Buyrequest dans le groupe d'options.",,"You have no items to compare.",FALSCH
"Wrong configuration item instance in options group.","Configuration de l'instance d'objet incorrecte dans les options de groupe",,"You may also be interested in the following product(s)",FALSCH
"Wrong configuration item option instance in options group.","Configuration de l'instance d'objet incorrecte dans les options de groupe",,"Zoom In",FALSCH
"Wrong option instance type in options group.","Mauvaise instance d'options dans le groupe d'options.",,"Zoom Out",FALSCH
"Wrong option type to get group instance.","Mauvais type d'option pour obtenir l'instance du groupe.",,"and",FALSCH
"Wrong product instance type in options group.","Mauvais type de produit d'exemple dans le groupe d'options.",,"and above",FALSCH
"Wrong product type filter specified","Mauvais filtre de type de produit spécifié",,"categories",FALSCH
"Wrong product type to extract configurable options.","Mauvais type de produit pour extraire des options configurables.",,"comma separated",FALSCH
"Wrong quote item instance in options group.","Wrong quote item instance in options group.","+","each",FALSCH
"Wrong quote item option instance in options group.","Wrong quote item option instance in options group.","+","ex. http://domain.com",FALSCH
"Year Range","Années",,"leave blank if its not an image",FALSCH
"Yes","Oui",,"per page",FALSCH
"You cannot email this product to a friend.","You cannot email this product to a friend.","+","products",FALSCH
"You cannot remove system attribute from this set.","Vous ne pouvez pas retirer d'attribut système de cet ensemble.",,"px.",FALSCH
"You cannot send more than %d emails at a time.","You cannot send more than %d emails at a time.","+","save",FALSCH
"You have exceeded limit of %d sends in an hour.","You have exceeded limit of %d sends in an hour.","+","select all",FALSCH
"You have no items to compare.","Vous n'avez pas d'articles à comparer.",,"unselect all",FALSCH
"You have to specify at least one recipient.","You have to specify at least one recipient.","+","x",FALSCH
"You may also be interested in the following product(s)","Vous pourriez aussi être intéressé(e) par le(s) produit(s) suivant(s)",,,
"Zoom In","Zoom avant",,,
"Zoom Out","Zoom Arrière",,,
"[GLOBAL]","[GLOBAL]",,,
"and","et",,,
"and above","et ci-dessus",,,
"categories","catégories",,,
"comma separated","comma separated","+",,
"each","chaque",,,
"ex. http://domain.com","ex. http://domain.fr",,,
"leave blank if its not an image","laisser vide si ce n'est pas une image",,,
"per page","par page",,,
"products","produits",,,
"px.","px.",,,
"save","enregistrer",,,
"select all","sélectionner tous",,,
"unselect all","désélectionner tous",,,
"x","x",,,
